{"cameraMode":{"drawMode":0,"name":"Shaded","section":"Shading Mode"},"sceneLighting":true,"audioPlay":false,"sceneViewState":{"showFog":true,"showMaterialUpdate":true,"showSkybox":true,"showFlares":true,"showImageEffects":true,"showParticleSystems":true},"in2DMode":false,"pivot":{"x":353.9619445800781,"y":267.2275695800781,"z":-447.9059143066406},"rotation":{"x":-0.12298595160245896,"y":-0.014292566105723381,"z":0.0017714938148856164,"w":-0.9923039078712463},"size":70.9105224609375,"orthographic":false}