{"cameraMode":{"drawMode":0,"name":"Shaded","section":"Shading Mode"},"sceneLighting":false,"audioPlay":false,"sceneViewState":{"showFog":true,"showMaterialUpdate":true,"showSkybox":true,"showFlares":true,"showImageEffects":true,"showParticleSystems":true},"in2DMode":false,"pivot":{"x":2.017828941345215,"y":-0.053341448307037356,"z":-0.9166121482849121},"rotation":{"x":-0.0875016450881958,"y":0.16271808743476869,"z":-0.014489050954580307,"w":-0.9826781749725342},"size":2.2578840255737306,"orthographic":false}