{"cameraMode":{"drawMode":0,"name":"Shaded","section":"Shading Mode"},"sceneLighting":true,"audioPlay":false,"sceneViewState":{"showFog":true,"showMaterialUpdate":true,"showSkybox":true,"showFlares":true,"showImageEffects":true,"showParticleSystems":true},"in2DMode":false,"pivot":{"x":8.26198673248291,"y":-2.570922374725342,"z":3.135744094848633},"rotation":{"x":-0.16428878903388978,"y":-0.4789435565471649,"z":0.09176765382289887,"w":-0.8574386835098267},"size":26.152132034301759,"orthographic":false}