{"cameraMode":{"drawMode":0,"name":"Shaded","section":"Shading Mode"},"sceneLighting":true,"audioPlay":false,"sceneViewState":{"showFog":true,"showMaterialUpdate":true,"showSkybox":true,"showFlares":true,"showImageEffects":true,"showParticleSystems":true},"in2DMode":false,"pivot":{"x":-4.702871322631836,"y":-0.29319286346435549,"z":4.859408378601074},"rotation":{"x":-0.17684043943881989,"y":0.3723601996898651,"z":-0.07250456511974335,"w":-0.9081951975822449},"size":14.725603103637696,"orthographic":false}