{"cameraMode":{"drawMode":0,"name":"Shaded","section":"Shading Mode"},"sceneLighting":true,"audioPlay":false,"sceneViewState":{"showFog":true,"showMaterialUpdate":true,"showSkybox":true,"showFlares":true,"showImageEffects":true,"showParticleSystems":true},"in2DMode":false,"pivot":{"x":4.295837879180908,"y":-2.8892743587493898,"z":49.82265090942383},"rotation":{"x":-0.05425216630101204,"y":-0.03384606912732124,"z":0.0018400961998850108,"w":-0.9979518055915833},"size":57.6338996887207,"orthographic":false}